paper_id,title,summary,authors,categories,primary_category,published,updated,age_days,authors_joined,categories_joined,summary_chars,text_for_embedding,abs_url,pdf_url,comment
10.1002/9781119902881,Optimization and Machine Learning,,[],['Uncategorized'],Uncategorized,2022-03-21 00:00:00+00:00,2026-08-04 00:00:00+00:00,1599,,Uncategorized,0,"Title: Optimization and Machine Learning
Categories: Uncategorized",https://doi.org/10.1002/9781119902881,https://onlinelibrary.wiley.com/doi/pdf/10.1002/9781119902881,Publisher: Wiley; Journal:
10.1093/oso/9780190941659.003.0001,Why Use Automated Machine Learning?,"Machine learning is involved in search, translation, detecting depression, likelihood of college dropout, finding lost children, and to sell all kinds of products. While barely beyond its inception, the current machine learning revolution will affect people and organizations no less than the Industrial Revolution’s effect on weavers and many other skilled laborers. Machine learning will automate hundreds of millions of jobs that were considered too complex for machines ever to take over even a decade ago, including driving, flying, painting, programming, and customer service, as well as many of the jobs previously reserved for humans in the fields of finance, marketing, operations, accounting, and human resources. This section explains how automated machine learning addresses exploratory data analysis, feature engineering, algorithm selection, hyperparameter tuning, and model diagnostics. The section covers the eight criteria considered essential for AutoML to have significant impact: accuracy, productivity, ease of use, understanding and learning, resource availability, process transparency, generalization, and recommended actions.","['Kai R. Larsen', 'Daniel S. Becker']",['Uncategorized'],Uncategorized,2021-07-29 00:00:00+00:00,2022-08-02 00:00:00+00:00,1834,"Kai R. Larsen, Daniel S. Becker",Uncategorized,1150,"Title: Why Use Automated Machine Learning?
Summary: Machine learning is involved in search, translation, detecting depression, likelihood of college dropout, finding lost children, and to sell all kinds of products. While barely beyond its inception, the current machine learning revolution will affect people and organizations no less than the Industrial Revolution’s effect on weavers and many other skilled laborers. Machine learning will automate hundreds of millions of jobs that were considered too complex for machines ever to take over even a decade ago, including driving, flying, painting, programming, and customer service, as well as many of the jobs previously reserved for humans in the fields of finance, marketing, operations, accounting, and human resources. This section explains how automated machine learning addresses exploratory data analysis, feature engineering, algorithm selection, hyperparameter tuning, and model diagnostics. The section covers the eight criteria considered essential for AutoML to have significant impact: accuracy, productivity, ease of use, understanding and learning, resource availability, process transparency, generalization, and recommended actions.
Authors: Kai R. Larsen, Daniel S. Becker
Categories: Uncategorized",https://doi.org/10.1093/oso/9780190941659.003.0001,,Publisher: Oxford University Press; Journal: Automated Machine Learning for Business
10.1093/oso/9780198828044.003.0003,Machine learning with sklearn,"This chapter’s goal is to show how to apply machine learning algorithms in a general setting using some classic methods. In particular, it demonstrates how to apply three important machine learning algorithms, a support vector classifier (SVC), a random forest classifier (RFC), and a multilayer perceptron (MLP). While many of the methods studied later go beyond these now classic methods, this does not mean that these methods are obsolete. Also, the algorithms discussed here provide some form of baseline to discuss advanced methods like probabilistic reasoning and deep learning. The aim here is to demonstrate that applying machine learning methods based on machine learning libraries is not very difficult. It offers an opportunity to discuss evaluation techniques that are very important in practice.",['Thomas P. Trappenberg'],['Uncategorized'],Uncategorized,2019-11-28 00:00:00+00:00,2022-08-02 00:00:00+00:00,2443,Thomas P. Trappenberg,Uncategorized,808,"Title: Machine learning with sklearn
Summary: This chapter’s goal is to show how to apply machine learning algorithms in a general setting using some classic methods. In particular, it demonstrates how to apply three important machine learning algorithms, a support vector classifier (SVC), a random forest classifier (RFC), and a multilayer perceptron (MLP). While many of the methods studied later go beyond these now classic methods, this does not mean that these methods are obsolete. Also, the algorithms discussed here provide some form of baseline to discuss advanced methods like probabilistic reasoning and deep learning. The aim here is to demonstrate that applying machine learning methods based on machine learning libraries is not very difficult. It offers an opportunity to discuss evaluation techniques that are very important in practice.
Authors: Thomas P. Trappenberg
Categories: Uncategorized",https://doi.org/10.1093/oso/9780198828044.003.0003,,Publisher: Oxford University Press; Journal: Fundamentals of Machine Learning
10.1017/cbo9780511804779.017,Machine learning,,[],['Uncategorized'],Uncategorized,2012-06-05 00:00:00+00:00,2022-06-13 00:00:00+00:00,5175,,Uncategorized,0,"Title: Machine learning
Categories: Uncategorized",https://doi.org/10.1017/cbo9780511804779.017,,Publisher: Cambridge University Press; Journal: Bayesian Reasoning and Machine Learning
10.1017/cbo9780511975509.007,Machine learning,,[],['Uncategorized'],Uncategorized,2011-06-16 00:00:00+00:00,2022-06-11 00:00:00+00:00,5530,,Uncategorized,0,"Title: Machine learning
Categories: Uncategorized",https://doi.org/10.1017/cbo9780511975509.007,,Publisher: Cambridge University Press; Journal: Phase Transitions in Machine Learning
